CREATE SCHEMA IF NOT EXISTS gym_20250606;
USE gym_20250606;

CREATE TABLE members (
    member_id INT PRIMARY KEY,
    member_name VARCHAR(100),
    join_date DATE,
    membership_type VARCHAR(20)
);

INSERT INTO members (member_id, member_name, join_date, membership_type) VALUES
(1, 'Alice Johnson', '2022-01-10', 'Gold'),
(2, 'Bob Smith', '2022-02-15', 'Silver'),
(3, 'Charlie Davis', '2022-02-28', 'Gold'),
(4, 'Diana Lee', '2022-01-25', NULL),
(5, 'Edward Kim', '2022-03-01', 'Platinum'),
(6, 'Fiona Clark', '2022-06-05', 'Gold'),
(7, 'George Martin', '2022-08-10', 'Silver'),
(8, 'Hannah Lee', '2022-10-15', 'Platinum'),
(9, 'Ian Wright', '2022-12-20', 'Gold'),
(10, 'Julia Roberts', '2023-01-25', 'Silver'),
(11, 'Kevin Durant', '2023-02-28', 'VIP'),
(12, 'Laura Palmer', '2023-03-01', 'Regular'),
(13, 'Marcus Aurelius', '2023-04-05', 'VIP'),
(14, 'Nina Simone', '2023-06-10', 'Gold'),
(15, 'Oliver Twist', '2023-07-15', NULL),
(16, 'Priya Patel', '2023-08-20', 'Platinum'),
(17, 'Mohammed Ali', '2023-09-25', 'Gold'),
(18, 'Sofia Rodriguez', '2023-10-01', 'Silver'),
(19, 'Chen Wei', '2023-11-05', 'VIP'),
(20, 'Aisha Khan', '2023-11-10', 'Regular'),
(21, 'Yuki Tanaka', '2023-11-15', 'Gold'),
(22, 'Lars Anderson', '2023-11-20', 'Platinum'),
(23, 'Zara Ahmed', '2023-12-01', 'Silver'),
(24, 'Diego Martinez', '2023-12-15', 'VIP'),
(25, 'Emma Thompson', '2023-12-31', NULL);

CREATE TABLE trainers (
    trainer_id INT PRIMARY KEY,
    trainer_name VARCHAR(100),
    hire_date DATE,
    specialty VARCHAR(50)
);

INSERT INTO trainers (trainer_id, trainer_name, hire_date, specialty) VALUES
(1, 'John Doe', '2021-05-15', 'Strength Training'),
(2, 'Jane Smith', '2021-06-20', 'Cardio'),
(3, 'Emily Johnson', '2021-07-10', 'Yoga'),
(4, 'Michael Brown', '2021-08-25', 'Pilates'),
(5, 'Mary Davis', '2021-09-30', 'Nutrition'),
(6, 'James Wilson', '2021-10-15', 'Weight Loss'),
(7, 'Patricia Garcia', '2021-11-20', 'Bodybuilding'),
(8, 'Robert Martinez', '2021-12-05', 'Kickboxing'),
(9, 'Linda Rodriguez', '2022-01-10', 'Zumba'),
(10, 'William Hernandez', '2022-02-14', 'CrossFit'),
(11, 'Elizabeth Lopez', '2022-03-01', 'Dance'),
(12, 'David Gonzalez', '2022-04-18', 'Aqua Aerobics'),
(13, 'Barbara Wilson', '2022-05-22', 'Senior Fitness'),
(14, 'Charles Lee', '2022-06-30', 'Sports Conditioning'),
(15, 'Joseph Walker', '2022-07-15', 'Functional Training'),
(16, 'Thomas Hall', '2022-08-20', 'Core Training'),
(17, 'Daniel Young', '2022-09-25', 'Flexibility'),
(18, 'Matthew King', '2022-10-10', 'Endurance'),
(19, 'Anthony Wright', '2022-11-05', 'Strength Training'),
(20, 'Mark Scott', '2022-11-20', 'Cardio'),
(21, 'Donald Green', '2022-12-15', 'Yoga'),
(22, 'Steven Adams', '2023-01-10', 'Pilates'),
(23, 'Andrew Nelson', '2023-02-14', 'Nutrition'),
(24, 'Joshua Carter', '2023-03-01', 'Weight Loss'),
(25, 'Kevin Mitchell', '2023-04-18', 'Bodybuilding');

CREATE TABLE classes (
    class_id INT PRIMARY KEY,
    class_name VARCHAR(100),
    class_type VARCHAR(50),
    schedule_time TIME,
    trainer_id INT,
    FOREIGN KEY (trainer_id) REFERENCES trainers(trainer_id)
);

INSERT INTO classes (class_id, class_name, class_type, schedule_time, trainer_id) VALUES
(1, 'Morning Yoga', 'Yoga', '07:00:00', 3),
(2, 'Evening Pilates', 'Pilates', '18:00:00', 4),
(3, 'Zumba Fiesta', 'Zumba', '19:00:00', 9),
(4, 'Cardio Blast', 'Cardio', '08:00:00', 2),
(5, 'Strength Training 101', 'Strength Training', '17:00:00', 1),
(6, 'Nutrition Workshop', 'Nutrition', '10:00:00', 5),
(7, 'Weight Loss Bootcamp', 'Weight Loss', '16:00:00', 6),
(8, 'Bodybuilding Basics', 'Bodybuilding', '15:00:00', 7),
(9, 'Kickboxing Cardio', 'Kickboxing', '18:30:00', 8),
(10, 'Dance Party', 'Dance', '20:00:00', 11),
(11, 'Aqua Aerobics Fun', 'Aqua Aerobics', '09:00:00', 12),
(12, 'Senior Fitness Group', 'Senior Fitness', '11:00:00', 13),
(13, 'Sports Conditioning', 'Sports Conditioning', '14:00:00', 14),
(14, 'Functional Training', 'Functional Training', '15:30:00', 15),
(15, 'Core Strengthening', 'Core Training', '17:30:00', 16),
(16, 'Flexibility and Balance', 'Flexibility', '19:30:00', 17),
(17, 'Endurance Challenge', 'Endurance', '08:30:00', 18),
(18, 'HIIT Workout', 'High Intensity', '10:30:00', 19),
(19, 'Circuit Training', 'Strength & Cardio', '12:30:00', 20),
(20, 'Yoga for All', 'Yoga', '18:00:00', 3),
(21, 'Advanced Pilates', 'Pilates', '19:00:00', 4),
(22, 'Zumba Gold', 'Zumba', '10:00:00', 9),
(23, 'Cardio Kick', 'Cardio', '11:00:00', 2),
(24, 'Strength Training Advanced', 'Strength Training', '13:00:00', 1),
(25, 'Nutrition for Athletes', 'Nutrition', '14:00:00', 5);

CREATE TABLE class_enrollments (
    enrollment_id INT PRIMARY KEY,
    class_id INT,
    member_id INT,
    enrollment_date DATE,
    FOREIGN KEY (class_id) REFERENCES classes(class_id),
    FOREIGN KEY (member_id) REFERENCES members(member_id)
);

INSERT INTO class_enrollments (enrollment_id, class_id, member_id, enrollment_date) VALUES
(1, 1, 1, '2022-01-10'),
(2, 1, 2, '2022-02-15'),
(3, 2, 3, '2022-02-28'),
(4, 2, 4, '2022-01-25'),
(5, 3, 5, '2022-03-01'),
(6, 3, 6, '2022-06-05'),
(7, 4, 7, '2022-08-10'),
(8, 4, 8, '2022-10-15'),
(9, 5, 9, '2022-12-20'),
(10, 5, 10, '2023-01-25'),
(11, 6, 11, '2023-02-28'),
(12, 6, 12, '2023-03-01'),
(13, 7, 13, '2023-04-05'),
(14, 7, 14, '2023-06-10'),
(15, 8, 15, '2023-07-15'),
(16, 8, 16, '2023-08-20'),
(17, 9, 17, '2023-09-25'),
(18, 9, 18, '2023-10-01'),
(19, 10, 19, '2023-11-05'),
(20, 10, 20, '2023-11-10'),
(21, 11, 21, '2023-11-15'),
(22, 11, 22, '2023-11-20'),
(23, 12, 23, '2023-12-01'),
(24, 12, 24, '2023-12-15'),
(25, 13, 25, '2023-12-31');

CREATE TABLE trainer_ratings (
    rating_id INT PRIMARY KEY,
    trainer_id INT,
    member_id INT,
    rating INT,
    comments TEXT,
    FOREIGN KEY (trainer_id) REFERENCES trainers(trainer_id),
    FOREIGN KEY (member_id) REFERENCES members(member_id)
);

INSERT INTO trainer_ratings (rating_id, trainer_id, member_id, rating, comments) VALUES
(1, 1, 1, 5, 'Excellent trainer, very knowledgeable.'),
(2, 1, 2, 4, 'Great training session, learned a lot.'),
(3, 2, 3, 5, 'High energy and motivating.'),
(4, 2, 4, 3, 'Good, but could be more organized.'),
(5, 3, 5, 5, 'Loved the yoga class, very relaxing.'),
(6, 3, 6, 4, 'Great instructor, but class was too early.'),
(7, 4, 7, 5, 'Pilates with a perfect balance of challenge and support.'),
(8, 4, 8, 4, 'Very attentive to individual needs.'),
(9, 5, 9, 5, 'Nutrition advice was spot on, helped me a lot.'),
(10, 5, 10, 4, 'Good tips, but looking for more meal plan options.'),
(11, 6, 11, 5, 'Significant weight loss thanks to the program.'),
(12, 6, 12, 4, 'Supportive trainer, but need more variety in workouts.'),
(13, 7, 13, 5, 'Bodybuilding guidance was excellent.'),
(14, 7, 14, 4, 'Helped me achieve my personal best.'),
(15, 8, 15, 5, 'Kickboxing was intense and fun!'),
(16, 8, 16, 4, 'Great for stress relief and fitness.'),
(17, 9, 17, 5, 'Zumba classes are a blast, highly recommend.'),
(18, 9, 18, 4, 'Good mix of dance and fitness.'),
(19, 10, 19, 5, 'Dance party was enjoyable and energetic.'),
(20, 10, 20, 4, 'Fun way to improve cardio and learn dance moves.'),
(21, 11, 21, 5, 'Aqua aerobics is refreshing and effective.'),
(22, 11, 22, 4, 'Loved the water-based exercises.'),
(23, 12, 23, 5, 'Senior fitness class was perfect for my needs.'),
(24, 12, 24, 4, 'Appreciated the focus on balance and flexibility.'),
(25, 13, 25, 5, 'Sports conditioning improved my overall performance.'),
(26, 13, 1, 4, 'Functional training was beneficial for daily activities.'),
(27, 14, 2, 5, 'Core strengthening made a noticeable difference.'),
(28, 14, 3, 4, 'Flexibility training helped reduce my injuries.'),
(29, 15, 4, 5, 'Endurance challenge was tough but rewarding.'),
(30, 15, 5, 4, 'HIIT workout pushed my limits, great experience.'),
(31, 16, 6, 5, 'Circuit training was a perfect blend of strength and cardio.'),
(32, 16, 7, 4, 'Yoga for all levels, very inclusive.'),
(33, 17, 8, 5, 'Advanced Pilates took my skills to the next level.'),
(34, 17, 9, 4, 'Zumba Gold is perfect for seniors, loved it.'),
(35, 18, 10, 5, 'Cardio Kick was an exhilarating experience.'),
(36, 18, 11, 4, 'Strength training advanced class was challenging.'),
(37, 19, 12, 5, 'Nutrition for athletes provided great insights.'),
(38, 19, 13, 4, 'Helped me optimize my diet for better performance.');
